Model,Accuracy
Random Forest,0.9649122807017544
AdaBoost,0.9736842105263158
XGBoost,0.956140350877193
