,precision,recall,f1-score,support
0,0.958904109589041,0.9859154929577465,0.9722222222222222,71.0
1,0.975609756097561,0.9302325581395349,0.9523809523809524,43.0
accuracy,0.9649122807017544,0.9649122807017544,0.9649122807017544,0.9649122807017544
macro avg,0.9672569328433009,0.9580740255486406,0.9623015873015873,114.0
weighted avg,0.9652053622194477,0.9649122807017544,0.9647382344750767,114.0
